시설의 깔끔도,관리,시설,바닥,처리,배변,케어,깨끗하,청소,청결,미끄럼,위생
맛있는 커피,커피,커피한잔,,,,,,,,,
맛,맛,식사,맛집,메뉴,,,,,,,
맛있는 디저트,디저트,음식,케이크,브런,베이커리,,,,,,
멋진 사진,사진,화질,포토,포토존,동영상,촬영,사진동영상,,,,
동물이 좋아하는 환경,좋아하,동물,뛰어놀,신나,즐기,뛰놀,수영장,뛰어다니,매트,조아,공놀이
인테리어,인테리어,모습,매장사진,리모델링,꾸미,컨셉,데크,야외테라스,테라스,분리,울타리
공간의 넓이,실내,야외,실외,내부,면적,옥상,부족,규모,외부,크기,대형카페
가성비,무료,입장료,비용,가격,총금액,내역,,,,,
친절도,친절,직원,사장님,서비스,주인,무성의,직원분,,,,
거리,근처,위치,지역,동네,주변,거리,인근,,,,
추천,추천,소개,정보,유명,가보신분,,,,,,
산책,산책,산책로,,,,,,,,,
견종크기,대형,대형견,소형,소형견,중형견,중소형,,,,,
주차시설,주차,주차장,주차공간,주차가능,,,,,,,
먹이,수제,수제간식,간식,먹이,애견수제간식,,,,,,
사고,사고,입질,다치,조심,피해자,피해,공격성,상처,,,
규칙,규칙,카페규칙,안전,규정,제한,,,,,,
적응,어울리,무서워하,적응,스트레스,,,,,,,
커뮤니티,모임,커뮤니티,,,,,,,,,
여행지,여행지,관광지,,,,,,,,,
운동장,애견운동장,운동장,잔디운동장,,,,,,,,
잔디,잔디,마당,인조잔디,인조,잔디밭,천연잔디,,,,,
놀이터,놀이터,애견놀이터,,,,,,,,,
공원,공원,대공원,,,,,,,,,
수영장,수영,수영장,,,,,,,,,
예방,예방,예방접종,,,,,,,,,