배변 처리,배변,개똥,실외배변,배변훈련,치우,마킹,똥,응가,봉투,변,배변봉투,처리,떵,배변산책,,,,,
애견 동반 카페,카페,동반,커피,애견카페,음료,반려견동반,애견동반,,,,,,,,,,,,
산책 매너,교육,산책교육,훈련,반려견교육훈련,반려견교육,사회화,반려견훈련,산책훈련,사회화훈련,사회성,강아지교육,강아지훈련,반려견사회화,반려견사회화교육,강아지사회화훈련,에티켓,예절,매너,예의
운동장,놀이터,운동장,반려견놀이터,반려견운동장,,,,,,,,,,,,,,,
책임,책임,의무,책임감,책임지,,,,,,,,,,,,,,,
동물 병원,병원,동물병원,,,,,,,,,,,,,,,,,
주변,동네,장소,근처,주변,,,,,,,,,,,,,,,
사고,달려들,위험,문제,발생,물리,사고,놓치,피해,방치,물림,공격,개물림,다치,사건,,,,,
안전,조심,안전,주의,예방,통제,유의,,,,,,,,,,,,,
산책 용품,착용,입히,리드,네스,하네스,리드줄,채우,용품,마개,입마개,가슴줄,줄이,,,,,,,
날씨,미세,미세먼지,더위,봄날,온도,계절,추위,태풍,기온,장마,햇살,바람,날씨,,,,,,
반려견 건강,체중,지방,근육,,,,,,,,,,,,,,,,
발걸음,걸음,발걸음,만보,,,,,,,,,,,,,,,,