산책 기록,시간,도착,거리,출발,기록,시작,데이터,실시간,분석,요약,수치,산책기록,출발시간,,,,,,,,,,
산책 장소,장소,공원,파크,정원,호수공원,잔디밭,둘레길,,,,,,,,,,,,,,,,
카페/식당/놀이터 정보,카페,식당,가게,음식점,까페,맛집,수영장,놀이터,캠핑,해수욕장,캠핑장,,,,,,,,,,,,
어플 추천,후기,추천,사용,이용,사용하,만족,유명,비교,인기,강추,리뷰,,,,,,,,,,,,
정보,정보,검색,물어보,찾아보,알아보,여쭈,도움,,,,,,,,,,,,,,,,
건강,운동,건강,체력,다이어트,칼로리,몸무게,체중,근육,근력,,,,,,,,,,,,,,
주변 정보,주변,동네,근처,시내,마을,근방,,,,,,,,,,,,,,,,,
쇼핑,가격,구매,주문,할인,결제,쇼핑,구입,인하,쿠폰,판매,가격비교,적립금,,,,,,,,,,,
알람 관리,알람,체크,관리,케어,,,,,,,,,,,,,,,,,,,
커뮤니티,이야기,댓글,공유,게시판,게시글,대화,올려보,게시물,소통,질문글,커뮤니티,,,,,,,,,,,,
어플 기능,옵션,정리,자동,보여주,둘러보,표시,계산,,,,,,,,,,,,,,,,
동물 병원,병원,,,,,,,,,,,,,,,,,,,,,,
어플 서비스,서비스,,,,,,,,,,,,,,,,,,,,,,
화장실,화장실,깨끗하,,,,,,,,,,,,,,,,,,,,,
반려동물 간식/사료,간식,먹이,고기,사료,,,,,,,,,,,,,,,,,,,
불편함,불편,부족,스트레스,후회,단점,,,,,,,,,,,,,,,,,,
차별성,차이,달라,특별,,,,,,,,,,,,,,,,,,,,
목적,목적,,,,,,,,,,,,,,,,,,,,,,
배변,배변,똥,변,실외배변,응가,소변,오줌,배변훈련,개똥,대변,,,,,,,,,,,,,
반려동물,반려견,강아지,키우,개월,동물,표시,애견,목줄,고양이,아지,개가,반려동물,댕댕이,노즈워크,강쥐,하네스,소형견,멍멍이,퍼피,개도,성견,대형견,노즈
반려인,주인,견주,,,,,,,,,,,,,,,,,,,,,
산책 날씨,기상,날씨,일기예보,,,,,,,,,,,,,,,,,,,,
걷기,걷기,움직이,이동,도보,걸어가,걸어다니,다니,,,,,,,,,,,,,,,,
걸음수,걸음,만보,발걸음,걸음수,,,,,,,,,,,,,,,,,,,
산책 지도,산책로,코스,지도,위치,한바퀴,루트,경로,산책길,트램,산책코스,,,,,,,,,,,,,
반려 동반,데리,동반,애견동반,,,,,,,,,,,,,,,,,,,,
쓰레기통,쓰레기통,쓰레기,,,,,,,,,,,,,,,,,,,,,