대변 처리,치우,유기,배변봉투,수거,실외배변,똥봉투,배변처리,똥츄,변봉투,풉로깅,배변,봉투,똥,배설물,변,개똥,응아,응가,대변,풉백,볼일,강아지똥,배변활동
산책,산책,산책시,외출시,반려견산책,산책하다,산책중,산책시간,산책모임,,,,,,,,,,,,,,,
카페,카페,동반,,,,,,,,,,,,,,,,,,,,,
산책 훈련,교육,행동,훈련,반려견교육훈련,반려견문제행동,행동교정,훈련사,사회성,배변훈련,산책훈련,반려견교육,반려견훈련,사회화훈련,산책교육,배우,사회화,,,,,,,
반려산책용품,목줄,마개,리드,용품,입마개,리드줄,채우,네스,하네스,가슴줄,개목줄,반려동물용품,자동줄,,,,,,,,,,
공원,공원,,,,,,,,,,,,,,,,,,,,,,
장소,장소,공간,,,,,,,,,,,,,,,,,,,,,
문화,캠페인,참여,지키,문화,따르,조성,인식,노력,정착,반려문화,인지,인식개선,문화조성,반려동물문화,문화정착,문화만들기,,,,,,,
동물보호법,견종,과태료,보호법,동물보호법,동물보호,부과,법적,처벌,벌금,법률,입마개견종,개정안,법령,적발,법규,법과,,,,,,,
규정,가능,사항,준수,제한,의무,금지,기준,규정,위반,규칙,안내문,허용,원칙,규제,준수사항,,,,,,,,
안전,보호,안전,예방,안전조치,안전관리,,,,,,,,,,,,,,,,,,
반려견 동반 시설,놀이터,시설,운동장,놀이,식당,애견카페,캠핑,파크,반려견놀이터,애견동반카페,수영장,대공원,동반카페,반려견놀이,호수공원,반려견운동장,애견운동장,중앙공원,애견동반식당,체육공원,,,
견종 크기,대형,대형견,소형,소형견,중소형,중대형견,중형견,중소형견,대형견과,,,,,,,,,,,,,,
견주,반려인,사람,견주,반려인과,주인,반려인의,소유자,견주분,견주가,애견인,반려인은,보호자님,견주의,반려인분,보호자분,,,,,,,,
사고,문제,발생,불편,피해,신고,문제행동,당하,물리,개물림,사건,상처,문제점,안전사고,고소,개물림사고,물어뜯,뛰어들,사고,,,,,
공존,공존,조화,친화,,,,,,,,,,,,,,,,,,,,
부탁,부탁,부탁드리,당부,소망,부탁드립,,,,,,,,,,,,,,,,,,
반려견 산책로,동네,산책로,아파트,거리,주차장,잔디,마당,정원,엘리베이터,산책길,길가,길거리,숲길,녹지,데크,산길,둘레길,잔디광장,잔디밭,,,,
배려,배려,존중,친절,협조,,,,,,,,,,,,,,,,,,,
개선,개선,,,,,,,,,,,,,,,,,,,,,,
맹견,맹견,맹견소유자,,,,,,,,,,,,,,,,,,,,,
오프리쉬,오프,오프리쉬,풀어놓,목줄착용,벗겨지,,,,,,,,,,,,,,,,,,
냄새,냄새,,,,,,,,,,,,,,,,,,,,,,
책임,책임,유의,살펴보,책임감,주의,,,,,,,,,,,,,,,,,,
공격성,공격성,달려들,다치,물림,무서워하,입질,공격,경계심,달려오,위협,공격적,공포,위협적,,,,,,,,,,
반려견인식표,인식표,반려견인식표,이름표,번호,등록제,동물보호관리시스템,내장형,동물보호센터,동물등록증,증명서,동물등록제,무선식별장치,등록,동물등록,,,,,,,,,
스트레스,스트레스,불안,욕먹,불만,짜증나,붉히,트라우마,마찰,,,,,,,,,,,,,,,
악취,악취,,,,,,,,,,,,,,,,,,,,,,
쓰레기,쓰레기,,,,,,,,,,,,,,,,,,,,,,
마킹,소변,마킹,,,,,,,,,,,,,,,,,,,,,
대처,대처,컨트롤,사과,보상,제어,관리,,,,,,,,,,,,,,,,,
뒤처리,티슈,지참,휴지,물티슈,,,,,,,,,,,,,,,,,,,
방치,방관,수수,방치,,,,,,,,,,,,,,,,,,,,