맛있는 음료,음료,맥주,에이드,우유,와인,,,,,,,,,,,,,
맛있는 커피,커피,커피한잔,카페인,아메리카노,커피맛,커피맛집,라떼,,,,,,,,,,,
맛,맛,맛집,맛보,입맛,맛있,순삭,,,,,,,,,,,,
맛있는 디저트,디저트,브런,베이커리,케이크,크로플,브런치,소스,빙수,타르트,아이스크림,파이,케익,스콘,쿠키,메뉴,먹거리,,
멋진 사진,사진,동영상,사진동영상,포토,포토존,촬영,인생샷,,,,,,,,,,,
특별함,특별,특이,다르,,,,,,,,,,,,,,,
인테리어,실내,야외,공간,테라스,야외테라스,실외,내부,꾸미,카페내,실내외,리모델링,외부,데크,이쁘,외관,,,
좋은 뷰,바다,구경,해수욕장,해변,오션뷰,해안,바닷가,바다뷰,강변,호수공원,벚꽃,경치,바깥,자연,풍경,계곡,명소,감상
가성비,무료,비용,가격,금액,입장료,할인,요금,총금액,할인코드,,,,,,,,,
친절도,사장님,친절,직원,서비스,직원분,센스,,,,,,,,,,,,
거리,근처,위치,거리,주변,동네,인근,가깝,근방,,,,,,,,,,
추천,추천,소개,후기,유명,추천해,핫플,,,,,,,,,,,,
산책,산책,산책로,산책길,,,,,,,,,,,,,,,
편안한 정도,자리,테이블,의자,불편,편안,자세,좌석,쿠션,,,,,,,,,,
분위기,분위기,느낌,기분,조명,느껴지,감성,고급,느끼,고요,,,,,,,,,
대화,모임,대화,수다,만나,,,,,,,,,,,,,,
여행,여행,여행지,나들이,달살기,달살기제주,관광,드라이브,공항,제주여행,관광지,달살이,애견동반여행,제주살이,여행기,여행시,,,
간식,간식,수제,수제간식,애견간식,애견수제,먹이,애견수제간식,까까,,,,,,,,,,
운동장,운동장,애견운동장,잔디운동장,애견운동장애견,,,,,,,,,,,,,,
동물이 좋아하는 환경,동물,좋아하,신나,뛰어놀,방석,매트,애견방석,풀어놓,애견패드,애견계단,재미,환경,배변패드,뛰놀,즐기,돌아다니,,
놀이터,놀이터,애견놀이터,,,,,,,,,,,,,,,,
유치원,유치원,애견유치원,강아지유치원,애견유치원애견,,,,,,,,,,,,,,
주차,주차,주차장,주차공간,운전,차량,주차가능,,,,,,,,,,,,
견종 크기,대형,소형,소형견,대형견,중형,중형견,사이즈,견종,중대형견,,,,,,,,,
잔디마당,마당,잔디,정원,인조,인조잔디,가든,잔디밭,잔디마당,,,,,,,,,,
규칙,제한,안전,펫티켓,규칙,규정,카페규칙,제약,방지,가능,불가,지키,안내,사항,매너,불가능,공지,가능여부,입장가능
시설,관리,울타리,바닥,배변,규모,크기,대형카페,옥상,시설,면적,지하,미끄럼,계단,,,,,